Rank,Sector,Average_GRDP,Sector_Share
1,Services,9751614498.88,61.7405213054095
2,Industry,4400322361.6,27.859817115231294
3,"Agriculture, forestry, and fishing",1642575872.32,10.39966157935921
