Rank,Sector,Average_GRDP,Sector_Share
1,Services,9222475545.4,61.828972466339884
2,Industry,4186125855.56,28.064466963336027
3,"Agriculture, forestry, and fishing",1507505365.04,10.106560570324092
